{
  "hash": "7ccae454",
  "browserHash": "a2e2f728",
  "optimized": {
    "@angular/common": {
      "src": "../../../../../node_modules/@angular/common/fesm2022/common.mjs",
      "file": "@angular_common.js",
      "fileHash": "ccdb9b1f",
      "needsInterop": false
    },
    "@angular/common/http": {
      "src": "../../../../../node_modules/@angular/common/fesm2022/http.mjs",
      "file": "@angular_common_http.js",
      "fileHash": "10666c83",
      "needsInterop": false
    },
    "@angular/core": {
      "src": "../../../../../node_modules/@angular/core/fesm2022/core.mjs",
      "file": "@angular_core.js",
      "fileHash": "b3dc4222",
      "needsInterop": false
    },
    "@angular/platform-browser": {
      "src": "../../../../../node_modules/@angular/platform-browser/fesm2022/platform-browser.mjs",
      "file": "@angular_platform-browser.js",
      "fileHash": "af7543dc",
      "needsInterop": false
    },
    "@angular/router": {
      "src": "../../../../../node_modules/@angular/router/fesm2022/router.mjs",
      "file": "@angular_router.js",
      "fileHash": "1fd8a96d",
      "needsInterop": false
    }
  },
  "chunks": {
    "chunk-Z36FK3UJ": {
      "file": "chunk-Z36FK3UJ.js"
    },
    "chunk-5X36FXRV": {
      "file": "chunk-5X36FXRV.js"
    },
    "chunk-VGJFGOGV": {
      "file": "chunk-VGJFGOGV.js"
    },
    "chunk-YVFDKDCQ": {
      "file": "chunk-YVFDKDCQ.js"
    }
  }
}